rank,first_name,last_name
1,Lauren,Bryant
2,Hannah,Haynes
3,Tami,Ullom
4,Sarah,Tylka
5,Abigail,Radcliffe
6,Catherine,Spencer
7,Liz,Craig
8,Amy,Guiles
9,Brianna,Sieja
10,Nellie,Radcliffe
11,Alice,Radcliffe
12,Angel,Sillivant
13,Maggie,Smallwood
14,Allyson,Smith
15,Leah,Gauldin
16,Yevonne,Pearce
17,"Stephanie ","Cunningham "
18,Sabrina,Blackwood
19,Alanna,Frost
20,Stephanie,Smith
21,Ashley,Jason
22,Kathy,Shearer
23,Alex,K
24,Mattea,Swegles
25,Ariel,Walter
26,Kelsey,Moser
27,Jac,Green
28,Sandy,"Sillivant "
29,Kara,Smeal
30,Sara,Braatz
31,Chezney,McCullough
32,"Brooke ","Sillivant "
33,Leslie,Stogsdill
34,Amy,Prucnal
35,Lauren,McGarry Brown
36,Ashley,Linares
37,Tamara,Cottam
38,Desiree,Garcia
39,Maigan,Matthias
40,Jenna,Atchley
41,Shelby,Coates
42,Lydia,Lowther
43,Jennifer,Matthews
44,Laura,Dunaway
45,Rachel,Jones
46,Candce,Hagan
47,Esther,Chovan
48,Kate,Caldwell
49,Alyssa,Amis
50,Hannah,Szcepanski
51,Aubree,Hunter
52,Nancy,Brower
53,Kim,Peatfield
54,Elizabeth,Knaupp
55,Taryn,Brown
56,Ragne,Jordan
57,McKayla,Edmonds
58,Alyse,Adams
59,"Sara ",Villanueva
60,Cathryn,Schartung-Doud
61,Amanda,Dean
62,Madelyn,Denton
63,Ashley,Jinright
64,Kristy,Robinson
65,Loralei,"Oswald "
66,Stephanie,Sieja
67,Meghan,Turner
68,Ashley,Pursifull
69,Hannah,"Mobley "
70,Ruthann,Villanueva
71,Staci,Harrington
72,Joanna,Stewart
73,Melissa,Bergin
74,Danielle,Schager
75,Catherine,Robert
76,Jeannie,Shales
77,Monica,Cooper
78,Sarah,Eledui
79,Loni,Clayton
80,Elisabeth,Mobley
81,Luann,Radcliffe
82,Carmen,VIllanueva
83,"Calais ",Eledui
84,joi,buckley
85,April,Ledbetter
86,Caroline,Rhodes
87,Leslee,Hasty
88,Rebekah,Sorrells
89,Sydney,Woods
90,Victoria,Weston
91,"Olivia ",Gipson
92,Maddie,Davie
93,Taylor,Boydstun
94,"Elizabeth ",Bekken
95,Kara,Hurt
96,Sara,Barnett
97,Stacy,Solomon
98,Hailey,Brown
99,Harlyn,Cowart
100,"Eleanor ",Bekken
101,Amy,McConnell